obstypevar,lead_time,rmse_diff,z_score,significance,n_samples
airep_t,21,0.0029114774292593503,0.7579950943881438,0.5515460805028549,26
airep_u,21,-0.005538207611052734,0.31081521238437315,0.24405889571537775,26
temp_q,6,0.00006058997797383466,1.207501769836522,0.7727610361102736,13
mwhs2_tb,0,-0.03812194029801999,2.4310297793143714,0.9849440229556521,23
airep_v,6,0.04763431918354571,3.840295435134721,0.9998771136650318,26
airep_t,12,0.00995020578367046,1.9908559855410728,0.9535032777114614,25
airep_u,18,0.004689012178658478,0.4365250268510977,0.33754415469106736,26
amsua_tb,9,0.009227860825792421,24.69240017840372,1.0,26
airep_t,9,0.010502695887929693,4.242115699692552,0.9999778577515713,26
mwhs2_tb,15,0.012931401632722448,1.603852741877684,0.8912534842438891,25
temp_q,3,-0.000018123291190143676,0.5449701753752498,0.4142259698021511,16
airep_v,18,-0.005446503452435145,0.37503388537594895,0.2923647340846379,26
amsua_tb,3,-0.00010757035891255053,0.27242349197637605,0.21470358845548043,13
temp_t,12,0.010886645130651774,4.7347831307854324,0.9999978071054771,25
temp_t,15,-0.027895585398353337,1.566156499203142,0.882688016194634,16
temp_u,18,0.08307892264662961,0.8367389233997298,0.5972606648211137,13
mhs_tb,9,0.03402685433292078,2.7457102739552,0.9939619939945907,26
temp_q,0,-0.00004740581816569937,16.778564440074494,1.0,25
atms_tb,15,0.026574836463958862,2.5550819635606037,0.9893837203909244,22
temp_t,0,-0.04574192979093695,34.8169773894747,1.0,25
temp_q,21,0.000046697044480137215,2.104196779192322,0.9646387146169586,2
atms_tb,3,0.01691226112151886,2.5590273784217286,0.9895034525611301,22
mhs_tb,18,0.004626704262829209,0.23685221608208787,0.18722855872893462,23
temp_v,18,0.17518550084280887,1.349913192686491,0.8229561706020411,13
mwhs2_tb,6,0.014719162122973353,1.6904117377382912,0.9090507889809522,26
airep_u,0,-0.18966961765800205,19.307339313391374,1.0,25
temp_q,24,7.389767981338443e-6,0.7314279993556669,0.5354822317911495,25
mwhs2_tb,24,0.033652712307212694,1.946284722677213,0.9483794523048598,23
temp_u,0,-0.07983357655115343,32.090283646018314,1.0,25
airep_u,12,0.028405240324284185,1.4145306380703337,0.8427938418319525,25
mhs_tb,0,-0.133240068132154,11.69498058358745,1.0,13
mhs_tb,21,0.04740310737616132,3.980273308562041,0.9999311639195108,26
atms_tb,24,0.007701894319395928,1.2666262153976604,0.7947110258651753,25
airep_v,9,0.024574344372830202,1.9518994155903278,0.9490498523068358,26
airep_u,3,0.03678991787135597,2.024944724207185,0.9571269595422396,25
temp_v,9,-0.0071853777521559085,0.9285140963354703,0.6468590408678847,10
airep_t,15,0.007786002431053651,1.9144841047715082,0.9444416717772727,25
temp_u,6,-0.02458944873492193,0.5732876588955347,0.43355005999934637,13
airep_t,6,0.0044426962378480385,1.5072142080357498,0.8682442404402733,26
temp_u,15,0.08424990709974975,1.6668398184231294,0.9044537397665015,16
temp_t,6,0.03704389762876703,1.1245253839406377,0.7392097919136543,13
temp_t,18,0.019714757785353112,0.6707437925334275,0.4976162402489034,13
temp_q,15,0.000016769693867261098,0.6957244683217931,0.5133986009117291,16
airep_u,9,0.026426036056085383,1.574037299702442,0.8845211735061512,26
temp_q,12,0.000024084945702950133,3.5615639607622165,0.9996313477269154,25
temp_t,24,-0.0038574001589649276,0.8967457531903369,0.6301453996531877,25
temp_v,12,0.019570171245782832,1.3275096528543804,0.8156598510438733,25
amsua_tb,12,0.006392569438282343,9.907139366376821,1.0,13
airep_v,3,0.016502864535675777,1.361473335784537,0.8266358456329664,25
airep_u,15,0.0085573594960296,0.4886782197224482,0.3749304740538666,25
temp_v,21,-0.06101822736896332,1.338553846693472,0.8192840403318002,10
mwhs2_tb,21,0.0058307973581317625,0.5401379224733039,0.41089808032954434,13
mhs_tb,24,0.004640513057026157,0.2834831762034668,0.2231935236013618,13
airep_t,3,0.00031243027387521937,0.07951677076642465,0.06337840729296629,25
mwhs2_tb,18,0.03344788498602507,3.299319810651621,0.9990308057373898,26
temp_v,24,0.008991188837238831,0.494766619943697,0.3792351306451529,25
mhs_tb,6,0.024890578648807477,2.1551242351365114,0.9688478862936081,23
mhs_tb,15,0.009265326568710775,0.7215362880535928,0.529420377549068,13
mwhs2_tb,3,0.0052342199943788345,0.8906038653428151,0.6268582751860579,25
airep_v,15,0.012875511315134203,0.8152577860357109,0.5850752331169222,25
temp_v,3,0.051244566453844974,1.263509048591336,0.7935937031977461,16
airep_t,18,0.0027872433838802557,0.7375871170843353,0.5392346135886608,26
amsua_tb,21,0.009686739855509763,15.768767345231817,1.0,26
mhs_tb,3,0.015758143831082563,0.9788752523955706,0.6723583785992309,13
atms_tb,18,0.008128424705516361,1.5744293870740835,0.884611785632491,13
atms_tb,9,0.016386332850397572,3.0928219929879184,0.99801736980248,13
temp_u,12,0.03866810068684907,3.0169350841521037,0.9974465551216527,25
airep_u,6,0.03162275322543118,2.9824116002635477,0.9971401277498155,26
airep_u,24,0.019525334316839046,1.1050824681317153,0.7308761434384063,25
temp_v,15,-0.024782748506265065,0.6882040294783017,0.5086756931960077,16
mwhs2_tb,12,0.027342049242010016,2.2631592936725253,0.9763741284769518,23
amsua_tb,0,-0.004017154078751637,14.723796772921029,1.0,13
airep_t,24,0.006813756851447583,1.5579442221688098,0.880753529024384,25
temp_t,21,0.024351275195130632,1.8572661540337736,0.9367267027784343,10
atms_tb,21,0.01914078553231437,3.855198423975726,0.9998843641999323,13
mwhs2_tb,9,0.008880476190026366,0.6995784265417527,0.5158093807701989,13
amsua_tb,6,0.004406888673289453,4.455220052210366,0.9999916192810743,23
atms_tb,12,0.03054191416178686,5.710907103224456,0.9999999887624422,25
amsua_tb,24,0.006569705951179333,9.8087983289448,1.0,13
atms_tb,0,-0.015945638566073096,2.936560242822534,0.9966812564698597,25
temp_t,3,-0.019425613372285995,1.2783067993780972,0.7988587286512594,16
temp_t,9,-0.005134988567328797,0.3101714634878727,0.2435694300520438,10
airep_v,21,0.0030724291966410886,0.19763693974142266,0.15667086891023396,26
temp_v,6,0.09424775611245349,1.7073375688044907,0.9122406729362666,13
amsua_tb,15,0.0006678713254944662,1.3139825009511326,0.8111479068739422,13
airep_t,0,-0.06807981721264135,29.65872008983685,1.0,25
airep_v,24,0.014800855667465376,0.8307272250420915,0.5938722572568835,25
temp_q,9,-0.00010251134888531005,3.0707288000851176,0.9978646299010566,2
temp_u,24,-0.009576670046020466,0.6844279156261137,0.5062950066153449,25
mhs_tb,12,-0.013440763988382062,0.38466428139260905,0.2995138380240261,13
amsua_tb,18,0.006580289042751624,5.740058791243859,0.9999999905356312,23
temp_u,9,-0.012896132864544408,0.483187643775555,0.37103749207635284,10
temp_v,0,-0.07778705142216637,36.139175007334245,1.0,25
temp_u,21,-0.11048832068886509,1.117858092622983,0.7363723941700905,10
temp_u,3,0.006650831718420042,0.08508441100011069,0.06780571641840138,16
atms_tb,6,0.009829678884810055,1.9449707089574908,0.9482214962463498,13
temp_q,18,0.000036968775808786905,1.3290297582507826,0.8161618477041189,13
airep_v,12,0.03475052662735025,1.8448876534529817,0.9349461169435601,25
airep_v,0,-0.18577855919312877,21.51737488087449,1.0,25
